Name of investor,Site,Info card,Stage,Check size,Focus,Investment geography,Manager name,Role,Contact,Manager name,Role,Contact,Manager name,Role,Contact,Manager name,Role,Contact,Manager name,Role,Contact,Manager name,Role,Contact,Manager name,Role,Contact,Manager name,Role,Contact,Manager name,Role,Contact,Manager name,Role,Contact
1337 Ventures,https://1337.ventures/,https://connect.visible.vc/investors/1337-ventures-2,"Pre-Seed,Accelerator,Seed",$25K-,"Consumer, Agnostic, Fintech, Insurtech, Healthtech","Asia-Pacific,  South East Asia",Bikesh Lakhmichand,Founder and CEO,"https://www.linkedin.com/in/bikeshl/, ",Max Teh,Senior Associate,"https://www.linkedin.com/in/maxteh/, ",Shannon Chow,Head Of Marketing,"https://www.linkedin.com/in/shannonchow/, ",No information,No information,No information,No information,No information,No information,No information,No information,No information,No information,No information,No information,No information,No information,No information,No information,No information,No information,No information,No information,No information
1517 Fund,http://1517fund.com,https://connect.visible.vc/investors/1517-fund,Seed,No information,"Software, SaaS, HealthCare, Mobile, Applications, Enterprise, IT",United States,Danielle Strachman,"Co-Founder, General Partner","https://twitter.com/dstrachman, https://www.linkedin.com/in/daniellestrachman/, ",No information,No information,No information,No information,No information,No information,No information,No information,No information,No information,No information,No information,No information,No information,No information,No information,No information,No information,No information,No information,No information,No information,No information,No information,No information,No information,No information
1843 Capital,https://1843capital.com/,https://connect.visible.vc/investors/1843-capital-2,"SeriesA,SeriesB",$500K-$1M,"Underrepresented, AI, B2B, B2B2C, Blockchain, ConsumerGoods, Crypto, DigitalHealth, Fintech, Impact, IoT, LifestyleandWellness, Platforms, PrivacyandSecurity, Transportation",No information,Basil Alomary,No information,"http://www.linkedin.com/in/basilalomary, ",Graham Brooks,Partner,"http://twitter.com/GrahamBrooks, http://www.linkedin.com/in/grahambrooks, ",Greg Dracon,Partner,"http://twitter.com/Greg406, http://www.linkedin.com/in/gdracon, ",Kelci Horan,Office Manager and Executive Assistant,"https://www.linkedin.com/in/kelcihoran, ",Kevin Wang,Associate,"https://www.linkedin.com/in/kcywang/, ",Liam Donohue,Co-Founder and Managing Partner,"http://twitter.com/Liam406, https://www.linkedin.com/in/ldonohue, ",Maria Cirino,Co-Founder and Managing Partner,"https://twitter.com/mariacirino, http://www.linkedin.com/pub/maria-cirino/3/642/48a, ",Payal Agrawal Divakaran,Partner,"https://twitter.com/payaldivakaran, https://www.linkedin.com/in/payal-agrawal-divakaran-1973912, ",So-June Min,CFO,"https://www.linkedin.com/pub/so-june-min/20/947/2b8, ",Tracy Chadwell,Founding Partner,"https://twitter.com/TChadwell, https://www.linkedin.com/in/tracychadwell/, "
1863 Ventures,http://1863ventures.net,https://connect.visible.vc/investors/1863-ventures,"Accelerator,Seed",No information,"Agnostic, Underrepresented","United States, Southeast (US)",Adeleke Omitowoju,Venture Partner,No information,Art Stevens,Senior Partner,No information,Melissa Bradley,"Founder, Board, Managing Partner","https://twitter.com/bradleyml, https://www.linkedin.com/in/melissalbradley/, ",Philip Reeves,Principal,No information,No information,No information,No information,No information,No information,No information,No information,No information,No information,No information,No information,No information,No information,No information,No information,No information,No information,No information
1982 Ventures,http://1982.vc,https://connect.visible.vc/investors/1982-ventures,Pre-Seed,$100K-$500K,Blockchain,Singapore,No information,No information,No information,No information,No information,No information,No information,No information,No information,No information,No information,No information,No information,No information,No information,No information,No information,No information,No information,No information,No information,No information,No information,No information,No information,No information,No information,No information,No information,No information
1st Course Capital,http://www.1cc.vc/,https://connect.visible.vc/investors/1st-course-capital,"Seed,Pre-Seed",No information,"Impact, Food&Beverage, FoodTech",United States,No information,No information,No information,No information,No information,No information,No information,No information,No information,No information,No information,No information,No information,No information,No information,No information,No information,No information,No information,No information,No information,No information,No information,No information,No information,No information,No information,No information,No information,No information
1Up Ventures,http://1upfund.com,https://connect.visible.vc/investors/1up-ventures,"Seed,SeriesA",No information,"Gaming, Mobile, DigitalMedia",Pacific Northwest (US),Chris Wheaton,Fund Administrator,"https://www.linkedin.com/in/chris-wheaton-5442476b/, ",Ed Fries,General Partner,"https://www.linkedin.com/in/edfries/, ",No information,No information,No information,No information,No information,No information,No information,No information,No information,No information,No information,No information,No information,No information,No information,No information,No information,No information,No information,No information,No information,No information,No information,No information
2020 Ventures,http://2020.co,https://connect.visible.vc/investors/2020-ventures,"Seed,SeriesA",No information,"Software, Blockchain, Fintech, ConsumerElectronics","United States, Southeast (Asia)",David Williams,"Founder, Managing Partner","http://www.linkedin.com/in/daviddouglaswilliams, ",No information,No information,No information,No information,No information,No information,No information,No information,No information,No information,No information,No information,No information,No information,No information,No information,No information,No information,No information,No information,No information,No information,No information,No information,No information,No information,No information
2048 Ventures,http://2048.vc,https://connect.visible.vc/investors/2048-ventures,Pre-Seed,$300K-$600K,"Enterprise, ConsumerElectronics, E-Commerce, VR/AR, RealEstate, Fintech, Agnostic, DigitalHealth, Sustainability, Climate, AI, API, Marketplaces, B2B, SaaS, Biotechnology",No information,Alex Iskold,Managing Partner,"https://www.linkedin.com/in/iskold, ",Zann Ali,Principal,"https://www.linkedin.com/in/zannali/, ",No information,No information,No information,No information,No information,No information,No information,No information,No information,No information,No information,No information,No information,No information,No information,No information,No information,No information,No information,No information,No information,No information,No information,No information
22 Fund,http://the22fund.com,https://connect.visible.vc/investors/22-fund,Growth,No information,"Manufacturing, Underrepresented","United States, Southern California (US)",Monica Dodi,Partner,"https://www.linkedin.com/in/monicadodi/, ",Rajan Kasetty,Partner,"https://www.linkedin.com/in/rajan-kasetty/, ",Tracy Gray,Founder & Managing Partner,"https://twitter.com/graymattr7, https://www.linkedin.com/in/tracydgray/, ",No information,No information,No information,No information,No information,No information,No information,No information,No information,No information,No information,No information,No information,No information,No information,No information,No information,No information,No information,No information,No information
24Haymarket,http://24haymarket.com,https://connect.visible.vc/investors/24haymarket,"SeriesA,SeriesB",No information,"B2B, Enterprise, Digitalhealthcare, CyberSecurity, Supplychain&logistics, ClimateTech, FutureofWork, ProfessionalServicesTech","United States, Europe",No information,No information,No information,No information,No information,No information,No information,No information,No information,No information,No information,No information,No information,No information,No information,No information,No information,No information,No information,No information,No information,No information,No information,No information,No information,No information,No information,No information,No information,No information
360 Capital,http://360cap.vc,https://connect.visible.vc/investors/360-capital-partners,"Pre-Seed,Seed,SeriesA,SeriesB",$200-$7M,"AI, Analytics, Automation, B2B, B2C, B2B2C, API, Computing, ConsumerServices, DeepTech, DeveloperTools, DigitalHealth, E-Commerce, Femtech, FoodandBeverage, Hardware, IoT, Software, Platforms, LifestyleandWellness, MediaandEntertainment, Marketplaces, Logistics","Europe, Israel",Juliette Mariani,Head of Business Development & Investor Relations,"https://www.linkedin.com/in/juliettemariani/, ",No information,No information,No information,No information,No information,No information,No information,No information,No information,No information,No information,No information,No information,No information,No information,No information,No information,No information,No information,No information,No information,No information,No information,No information,No information,No information,No information
3VC,http://three.vc,https://connect.visible.vc/investors/3vc,"Seed,SeriesA,SeriesB",$1M-$5M,"Software, IT, SaaS","United States, Europe",Eva Arh,Principal,"https://twitter.com/evamaurina, https://www.linkedin.com/in/evamaurina/, ",Gerald Pollak,Associate,"https://www.linkedin.com/in/gerald-pollak-74203ba4/, ",Kirsten Pöltl,"Executive Assistant, PR & Community","https://www.linkedin.com/in/kirsten-poeltl/, ",Peter Lasinger,Founder & General Partner,"https://twitter.com/peterlasinger, https://www.linkedin.com/in/lasinger/, ",Roman Scharf,Founder & General Partner,"https://www.linkedin.com/in/romanscharf/, ",Ruben Knitter,Associate,"https://www.linkedin.com/in/rubenknitter/, ",No information,No information,No information,No information,No information,No information,No information,No information,No information,No information,No information,No information
4impact,https://www.4impact.vc/,https://connect.visible.vc/investors/4impact-capital,"Seed,SeriesA",$250K-$3M,"Impact, Software","DACH, Netherlands, Nordics",No information,No information,No information,No information,No information,No information,No information,No information,No information,No information,No information,No information,No information,No information,No information,No information,No information,No information,No information,No information,No information,No information,No information,No information,No information,No information,No information,No information,No information,No information
500 Startups Vietnam,http://vietnam.500.co,https://connect.visible.vc/investors/500-startups-vietnam,"Pre-Seed,Seed",$50K-$500K,Advertising,"United States, Southeast (Asia)",No information,No information,No information,No information,No information,No information,No information,No information,No information,No information,No information,No information,No information,No information,No information,No information,No information,No information,No information,No information,No information,No information,No information,No information,No information,No information,No information,No information,No information,No information
76ers  Innovation Lab,http://sixersinnovationlab.com,https://connect.visible.vc/investors/76ers-innovation-lab,StartupStudio(Lab),No information,"Gaming, Sports","Agnostic (Global), United States",No information,No information,No information,No information,No information,No information,No information,No information,No information,No information,No information,No information,No information,No information,No information,No information,No information,No information,No information,No information,No information,No information,No information,No information,No information,No information,No information,No information,No information,No information
7BC Venture Capital,http://www.7bc.vc,https://connect.visible.vc/investors/andrew-romans-2,"Seed,SeriesA",$100K-$3.50M,"AI, Analytics, B2B, B2B2C, B2C, E-Commerce, Enterprise, Fintech, FinancialServices, Internet, Marketplaces, RealEstate, SaaS, CyberSecurity",United States,Andrew Romans,CEO & General Partner,"https://www.linkedin.com/in/romans/, ",Dieter Kondek,No information,"https://www.linkedin.com/in/dieterkondek/, ",KC (STEVEN) Yoon,Venture Partner,"https://www.linkedin.com/in/kcyoon/, ",No information,No information,No information,No information,No information,No information,No information,No information,No information,No information,No information,No information,No information,No information,No information,No information,No information,No information,No information,No information,No information
7 Percent Ventures,http://7pc.co,https://connect.visible.vc/investors/7-percent-ventures,"Pre-Seed,Seed,SeriesA",No information,"AI, Deeptech, Quantum, VR/AR, ComputerVision, B2B, SaaS, D2C, Generalist","United States, Europe, United Kingdom, Israel",Andrew Gault,Founding Partner,"https://www.linkedin.com/in/andrewgault/, ",Andrew J Scott,No information,"https://twitter.com/andrewjscott, https://www.linkedin.com/in/andrewjscott/, ",Ivailo Jordanov,VC,"https://twitter.com/ivailoj, https://www.linkedin.com/in/ivailo/, ",No information,No information,No information,No information,No information,No information,No information,No information,No information,No information,No information,No information,No information,No information,No information,No information,No information,No information,No information,No information,No information
7Wire Ventures,http://7wireventures.com,https://connect.visible.vc/investors/7wire-ventures,"Seed,SeriesA,SeriesB",$3M-$7M,"Education, HealthCare",United States,Alyssa Jaffee,Partner,"https://twitter.com/AlyssaJoyJaffee, https://www.linkedin.com/in/alyssa-jaffee-71095011/, ",Glen Tullman,Managing Partner,"https://www.linkedin.com/in/glen-tullman-76108566, ",Lee Shapiro,Managing Partner,"https://www.linkedin.com/in/leeshapiro/, ",Rachel Stillman,Associate,"https://www.linkedin.com/in/rachel-stillman-3868b93b/, ",Robert Garber,Partner,"https://www.linkedin.com/in/rgarber/, ",No information,No information,No information,No information,No information,No information,No information,No information,No information,No information,No information,No information,No information,No information,No information
Acceleprise,http://acceleprise.vc,https://connect.visible.vc/investors/acceleprise,"Pre-Seed,Seed,SeriesA",$50K-$1M,"B2B, Enterprise, SaaS, Agnostic",Agnostic (Global),James Murphy,Managing Director,"https://twitter.com/murphJ11, https://www.linkedin.com/in/james-murphy-/, ",Jonah Midanik,Managing Director,"https://twitter.com/jmidanik, https://www.linkedin.com/in/jonahmidanik/, ",Michael Cardamone,"CEO, Managing Partner","https://twitter.com/MGCardamone, https://www.linkedin.com/in/michaelcardamone/, ",Whitney Sales,Managing Director,"https://twitter.com/thesalesmethod, https://www.linkedin.com/in/whitneysales/, ",No information,No information,No information,No information,No information,No information,No information,No information,No information,No information,No information,No information,No information,No information,No information,No information,No information,No information
Accelerate Venture Partners,https://www.avpict.com/,https://connect.visible.vc/investors/accelerate-venture-partners-2,"Seed,Pre-Seed,SeriesA,Alt.VC,Angel,EarlyStage",$100K-$500K,Agnostic,"Great Lakes Midwest (US), Great Plains Midwest (US), Southeast (US), Rockies (US)",Quinn Robertson,Senior Associate,"https://www.linkedin.com/in/quinn-robertson/, ",No information,No information,No information,No information,No information,No information,No information,No information,No information,No information,No information,No information,No information,No information,No information,No information,No information,No information,No information,No information,No information,No information,No information,No information,No information,No information,No information
Access Venture Partners,http://accessvp.com,https://connect.visible.vc/investors/access-venture-partners,"Pre-Seed,Seed,SeriesA,SeriesB",$500K-$10M,"IT, ConsumerServices, Software, FinancialServices","United States, Rockies (US)",Brian Wallace,Managing Director,"https://www.linkedin.com/in/brianwallace2/, ",David Gold,Managing Director,"https://twitter.com/davidmgold, https://www.linkedin.com/in/davidmgold/, ",Elyse Kent,Head of Platform,"https://www.linkedin.com/in/elysekent/, ",Frank Mendicino,Managing Director,"https://www.linkedin.com/in/frankmendicino/, ",Jay Campion,Venture Partner,"https://www.linkedin.com/in/jaycampion/, ",Kirk Holland,Managing Director,"https://twitter.com/kirkholland?lang=en, https://www.linkedin.com/in/kirkholland/, ",Tom Humphrey,Venture Partner,"https://twitter.com/tomhums?lang=en, https://www.linkedin.com/in/tomhumphrey1/, ",No information,No information,No information,No information,No information,No information,No information,No information,No information
Acrew Capital,https://www.acrewcapital.com/,https://connect.visible.vc/investors/acrew-capital-2,"Seed,SeriesA,SeriesB,Growth",$1M-$15M,"Fintech, Crypto, web3, Consumer, Security, FinancialServices, IT, Software",Agnostic (Global),Kendra Ragatz,Partner,"https://www.linkedin.com/in/kendra-ragatz-22611a153/, ",Lauren Kolodny,Founding Partner,"https://twitter.com/laurenkolodny?lang=en, https://www.linkedin.com/in/laurenkolodny, ",Mark Kraynak,Founding Partner,"https://www.linkedin.com/in/mark-kraynak-581100/, ",Theresia Gouw,Managing Director,"https://twitter.com/tgr?lang=en, https://www.linkedin.com/in/theresiagouw, ",Vishal Lugani,Founding Partner,"http://twitter.com/VishalLugani, https://www.linkedin.com/in/vishal-lugani-79116220/, ",No information,No information,No information,No information,No information,No information,No information,No information,No information,No information,No information,No information,No information,No information,No information
Activate Capital,https://activatecp.com/,https://connect.visible.vc/investors/activate-capital-2,"SeriesB,SeriesC,Growth",$5M-$30M,"Agriculture, Climate, Energy, Infrastructure, IoT, Logistics, Manufacturing, RealEstate, SupplyChainManagement, Cybersecurity, Transportation, Automation","North America, Europe",No information,No information,No information,No information,No information,No information,No information,No information,No information,No information,No information,No information,No information,No information,No information,No information,No information,No information,No information,No information,No information,No information,No information,No information,No information,No information,No information,No information,No information,No information
Active Capital,http://activecapital.com,https://connect.visible.vc/investors/active-capital,"Pre-Seed,Seed",$100K-$1M,"B2B, SaaS, Software, SMB",Agnostic (Global),Cat Dizon,"Co-Founder, COO","https://twitter.com/CatDizonTx, https://www.linkedin.com/in/cat-dizon-43ab858/, ",Chris Saum,Director of Business Development,"https://twitter.com/christophersaum, https://www.linkedin.com/in/chris-saum-84938047/, ",Pat Matthews,"Founder, CEO","https://twitter.com/patmatthews, https://www.linkedin.com/in/pamatthe, ",No information,No information,No information,No information,No information,No information,No information,No information,No information,No information,No information,No information,No information,No information,No information,No information,No information,No information,No information,No information,No information
Acton Capital,http://actoncapital.com,https://connect.visible.vc/investors/acton-capital,"SeriesA,SeriesB",$1M-$12M,"Agnostic, Software, B2B, B2C","United States, Europe, Canada",Christoph Braun,Managing Partner,"https://twitter.com/wildmsr, https://www.linkedin.com/in/christophbraun-acton/, ",Frank Seehaus,Managing Partner,"https://www.linkedin.com/in/frank-seehaus-b028909/, ",Fritz Oidtmann,Managing Partner,"http://www.linkedin.com/pub/fritz-oidtmann/12/3b0/25/de, ",Jan-Gisbert Schultze,Managing Partner,"https://twitter.com/jgschultze, https://www.linkedin.com/in/jan-gisbert-schultze/, ",Paul-Bernhard Kallen,Managing Partner,"https://www.linkedin.com/in/paul-bernhard-kallen-5b8a0913, ",Sebastian Wossagk,Managing Partner,"http://www.linkedin.com/in/wossagk, ",Tom Rentschler,Analyst,"https://www.linkedin.com/in/tom-rentschler/, ",No information,No information,No information,No information,No information,No information,No information,No information,No information
Act One Ventures,http://actoneventures.com,https://connect.visible.vc/investors/act-one-ventures-2,"Pre-Seed,Seed",$500K-$1.50M,"E-Commerce, Fintech, SaaS","United States, United Kingdom, Mexico",Alejandro Guerrero,Principal,"https://twitter.com/alexgman12, https://www.linkedin.com/in/alguerrero, ",Michael Silton,Managing Director,"https://www.linkedin.com/in/michaelsilton/, ",No information,No information,No information,No information,No information,No information,No information,No information,No information,No information,No information,No information,No information,No information,No information,No information,No information,No information,No information,No information,No information,No information,No information,No information
Act Venture Capital,https://actventure.capital/,https://connect.visible.vc/investors/act-venture-capital-2,"Seed,SeriesA,Pre-Seed",$250K-$10M,"DeepTech, DigitalHealth, Fintech, SaaS, B2BSaaS, ClimateTech, ESG, Technology","Europe, United Kingdom, United States",Andrew O'Neill,Head of Platform,"https://www.linkedin.com/in/andrew-o-neill-312054151/, ",Debbie Rennick,General Partner,"https://www.linkedin.com/in/debbie-rennick-921297/, ",John Flynn,Managing Partner,"https://twitter.com/johnflynn_actvc?lang=en, http://www.linkedin.com/in/johnflynn44, ",John O’Sullivan,General Partner,"https://www.linkedin.com/in/johno36/, ",No information,No information,No information,No information,No information,No information,No information,No information,No information,No information,No information,No information,No information,No information,No information,No information,No information,No information
Acuity Venture Partners,http://acuityvc.com,https://connect.visible.vc/investors/acuity-venture-partners,"Pre-Seed,Seed,SeriesA",$20K-$150K,"B2B, Enterprise, FinancialServices, Transportation, SupplyChainManagement, Marketplaces, Fintech, Logistics, Platforms",Africa,Bernard Ghartey,Senior Investment Associate,"https://www.linkedin.com/in/bernard-ghartey-b8a46924/, ",Dumebi Okwechime,Managing Partner,"https://www.linkedin.com/in/dumebi-okwechime-phd-a5404235/, ",Lexi Novitske,Managing Partner,"https://www.linkedin.com/in/lexi-novitske-cfa-a5054a4/, ",Olamide Banjo,Executive Assistant,No information,No information,No information,No information,No information,No information,No information,No information,No information,No information,No information,No information,No information,No information,No information,No information,No information,No information,No information
AF Ventures,http://afventures.vc,https://connect.visible.vc/investors/af-ventures-2,"Growth,SeriesC,SeriesB,SeriesA,Seed",$1M-$6M,"ConsumerGoods, Femtech, ESG, FoodandBeverage",United States,Jordan Gaspar,Managing Partner,"https://twitter.com/jmgaspar16, https://www.linkedin.com/in/jordan-gaspar-53192445/, ",Lauren Jupiter,Managing Partner,"https://twitter.com/laurjupiter, https://www.linkedin.com/in/lauren-alexander-jupiter-0165a415/, ",Mary Kate Engstrom,Assistant,"https://www.linkedin.com/in/mkengstrom/, ",No information,No information,No information,No information,No information,No information,No information,No information,No information,No information,No information,No information,No information,No information,No information,No information,No information,No information,No information,No information,No information
AgFunder,http://agfunder.com,https://connect.visible.vc/investors/agfunder,"Pre-Seed,Seed,SeriesA,SeriesB",$50K-$5M,"B2C, Enterprise, FoodandBeverage, Marketplaces, Agriculture, Impact",Agnostic (Global),Andrew Finkelstein,Associate,"https://www.linkedin.com/in/andrew-finkelstein-15b64178/, ",Angela Tay,INVESTOR,No information,John Friedman,DIRECTOR,No information,Josh Hechtman,ANALYST INTERN,No information,Marisa Reddy,ASSOCIATE,No information,Michael Dean,Partner,"https://www.linkedin.com/in/mdeanagfunder/, ",Quinten Eggink,INVESTOR,No information,Rob Leclerc,PARTNER,No information,Tom Shields,No information,"https://twitter.com/beefytshields, https://www.instagram.com/beefytshields/, ",Yanniv Dorone,SENIOR ASSOCIATE,No information
Airtree Ventures,http://airtree.vc,https://connect.visible.vc/investors/airtree-ventures,"Pre-Seed,Seed,SeriesA,SeriesB,SeriesC,Growth",$50K-$15M,"Agnostic, Analytics, B2B, Fintech, Education, Energy, Software, Hardware","Agnostic (Global), Asia-Pacific, Australia",Kevin Lu,Portfolio Analyst,"https://www.linkedin.com/in/kevin-lu-514420112/, ",Melissa Ran,Head of Community,"https://twitter.com/melissaran, https://www.linkedin.com/in/melissaran/, ",No information,No information,No information,No information,No information,No information,No information,No information,No information,No information,No information,No information,No information,No information,No information,No information,No information,No information,No information,No information,No information,No information,No information,No information
Ajim Capital,https://ajimcapital.com,https://connect.visible.vc/investors/ajim-capital,"Seed,Pre-Seed",$100K-$250K,Tech-EnabledServices,Africa,Blessing Iyamadiken,Head of Platform,"https://www.linkedin.com/in/blessing-iyamadiken/, ",Calvin Rupango,Investment Associate,"https://www.linkedin.com/in/calvin-rupango-bbb132a1/, ",Eunice Ajim,Founding Partner,"https://www.linkedin.com/in/euniceajim/, ",No information,No information,No information,No information,No information,No information,No information,No information,No information,No information,No information,No information,No information,No information,No information,No information,No information,No information,No information,No information,No information
Alate Partners,http://alatepartners.com,https://connect.visible.vc/investors/alate-partners,"Seed,SeriesA",$250K-,RealEstate,"United States, Canada, North America",Courtney Cooper,Principal,"https://twitter.com/courtneyjayne__?lang=en, https://www.linkedin.com/in/courtneyjcooper, ",John Albright,Advisor,"https://www.linkedin.com/in/johnlalbright/, ",No information,No information,No information,No information,No information,No information,No information,No information,No information,No information,No information,No information,No information,No information,No information,No information,No information,No information,No information,No information,No information,No information,No information,No information
Album VC,http://album.vc,https://connect.visible.vc/investors/album-vc,"Seed,SeriesA,SeriesB",$500K-$5M,"Education, Enterprise, FinancialServices, RealEstate, SaaS, Applications",No information,Diogo Myrrha,"Founder, General Partner","https://twitter.com/diogomyrrha?lang=en, https://www.linkedin.com/in/diogomyrrha/, ",John Mayfield,Partner,"https://twitter.com/johnsmayfield?lang=en, http://www.linkedin.com/in/johnmayfield, ",Lisa Thomas,Engagement,"https://twitter.com/thinktoast32, https://www.linkedin.com/in/lisa-thomas-4881309/, ",Sid Krommenhoek,Partner,"http://twitter.com/krommenhoek, https://www.linkedin.com/in/sidkrommenhoek, ",Steve Hale,Operations,"https://twitter.com/Steve__Hale, https://www.linkedin.com/in/steve-hale-71457426/, ",No information,No information,No information,No information,No information,No information,No information,No information,No information,No information,No information,No information,No information,No information,No information
Allied Venture Partners,https://www.allied.vc,https://connect.visible.vc/investors/allied-venture-partners,"Pre-Seed,Accelerator,Seed,SeriesA,EarlyStage,Angel",$80K-$350K,"AI, Analytics, API, Applications, Automation, B2B, B2B2C, B2C, Blockchain, Computing, Consumer, ConsumerServices, Crypto, DeveloperTools, DeepTech, E-Commerce, Education, Enterprise, FinancialServices, Fintech, Gaming, Infrastructure, Internet, IoT, LendingandInvestments, Logistics, Marketplaces, Platforms, PrivacyandSecurity, RealEstate, SaaS, SalesandMarketing, Software, SupplyChainManagement, D2C, Defi, web3, B2BSaaS, Cybersecurity","United States, Canada",No information,No information,No information,No information,No information,No information,No information,No information,No information,No information,No information,No information,No information,No information,No information,No information,No information,No information,No information,No information,No information,No information,No information,No information,No information,No information,No information,No information,No information,No information
Alpaca VC,http://alpaca.vc,https://connect.visible.vc/investors/corigin-ventures,"Pre-Seed,Seed,SeriesA,SeriesB",$100K-$1.25M,"Consumer, ConsumerGoods, ConsumerServices, E-Commerce, Fintech, IoT, Marketplaces, Mobile, RealEstate, ConsumerElectronics, Gaming, LifestyleandWellness, B2C","United States, Canada",Daniel Fetner,Principal,"https://twitter.com/daniel_fetner, https://www.linkedin.com/in/daniel-fetner-39097535/, ",Erica Amatori,Head of Marketing,"https://twitter.com/EricaAmatori, https://www.linkedin.com/in/ericaamatori/, ",No information,No information,No information,No information,No information,No information,No information,No information,No information,No information,No information,No information,No information,No information,No information,No information,No information,No information,No information,No information,No information,No information,No information,No information
Altitude Ventures,http://www.altvc.com,https://connect.visible.vc/investors/altitude-ventures-2,"Seed,SeriesA,SeriesB",$1M-$6M,"DigitalHealth, HealthCare",United States,Jay Zeidman,Managing Partner,"https://www.linkedin.com/in/jay-zeidman-a860b876/, ",Landon Gibbs,Managing Partner,"https://www.linkedin.com/in/landon-gibbs-08b155b/, ",No information,No information,No information,No information,No information,No information,No information,No information,No information,No information,No information,No information,No information,No information,No information,No information,No information,No information,No information,No information,No information,No information,No information,No information
Alven,http://alven.co,https://connect.visible.vc/investors/alven,"Seed,SeriesA,SeriesB",$500K-$15M,"AI, API, Blockchain, Climate, Consumer, DeveloperTools, Fintech, Education, Marketplaces, Platforms, SaaS, Software","United States, Europe, United Kingdom",Julia Ménayas,Associate,"https://twitter.com/menayasj?lang=en, https://www.linkedin.com/in/julia-m%C3%A9nayas/, ",Thomas Cuvelier,Partner,"https://www.linkedin.com/in/thomasvcc/, ",No information,No information,No information,No information,No information,No information,No information,No information,No information,No information,No information,No information,No information,No information,No information,No information,No information,No information,No information,No information,No information,No information,No information,No information
American Express Ventures,https://www.americanexpress.com/us/business/american-express-ventures/,https://connect.visible.vc/investors/american-express-ventures,"Seed,SeriesA,SeriesB,SeriesC,Growth",No information,"Enterprise, Mobile, Retail, TravelandTourism, FinancialServices, Fintech, E-Commerce, SaaS, Software",Agnostic (Global),Dana Eli Lorch,Managing Director,"https://www.linkedin.com/in/dana-eli-lorch-63139831/, ",Harshul Sanghi,Global Head,"https://twitter.com/hsanghi?lang=en, https://www.linkedin.com/in/harshulsanghi/, ",Julia Huang,Managing Director,"https://www.linkedin.com/in/julia-huang-3aa71a2/, ",Lindsay Fitzgerald,Managing Director,"https://www.linkedin.com/in/lindsayfitzgerald/, ",Michael Kraslow,Investor,"https://www.linkedin.com/in/michael-kraslow-93bb2826/, ",Rohit Bodas,Partner,"https://twitter.com/rohit_bodas, https://www.linkedin.com/in/rohitbodas/, ",No information,No information,No information,No information,No information,No information,No information,No information,No information,No information,No information,No information
Amplifyher Ventures,http://amplifyherventures.com,https://connect.visible.vc/investors/amplifyher-ventures,"Pre-Seed,Seed,SeriesA,SeriesB",$100K-$300K,"Consumer, HealthCare, MediaandEntertainment, E-Commerce, Underrepresented","United States, Northeast (US)",Meghan Cross,Founding Managing Partner,"https://twitter.com/megabcross, https://www.linkedin.com/in/megabcross/, ",Tricia Black,"General Partner, Founder","https://www.linkedin.com/in/triciablack/, ",No information,No information,No information,No information,No information,No information,No information,No information,No information,No information,No information,No information,No information,No information,No information,No information,No information,No information,No information,No information,No information,No information,No information,No information
Ananda Impact Ventures,http://www.ananda.vc,https://connect.visible.vc/investors/ananda-impact-ventures,"Seed,SeriesA",$500K-$8M,"B2B, B2B2C","Europe, United Kingdom",No information,No information,No information,No information,No information,No information,No information,No information,No information,No information,No information,No information,No information,No information,No information,No information,No information,No information,No information,No information,No information,No information,No information,No information,No information,No information,No information,No information,No information,No information
Anchorless Bangladesh,http://www.anchorless.vc,https://connect.visible.vc/investors/anchorless-bangladesh-2,No information,$100K-$1M,No information,Asia,No information,No information,No information,No information,No information,No information,No information,No information,No information,No information,No information,No information,No information,No information,No information,No information,No information,No information,No information,No information,No information,No information,No information,No information,No information,No information,No information,No information,No information,No information
AngelList,http://angel.co,https://connect.visible.vc/investors/angel-3,Seed,$10K-$2.50M,AI,No information,Philipp Moehring,Partner,"http://twitter.com/pmoe, http://www.linkedin.com/in/moehring, ",No information,No information,No information,No information,No information,No information,No information,No information,No information,No information,No information,No information,No information,No information,No information,No information,No information,No information,No information,No information,No information,No information,No information,No information,No information,No information,No information
Animo Ventures,http://animo.vc,https://connect.visible.vc/investors/animo-ventures,"Pre-Seed,Seed",$500K-$5M,"Enterprise, Consumer",United States,Nico Berardi,"Founder, General Partner","https://twitter.com/nicberardi, https://www.linkedin.com/in/nico-berardi/, ",No information,No information,No information,No information,No information,No information,No information,No information,No information,No information,No information,No information,No information,No information,No information,No information,No information,No information,No information,No information,No information,No information,No information,No information,No information,No information,No information
Ankur Capital,http://ankurcapital.com,https://connect.visible.vc/investors/ankur-capital,"Seed,SeriesA",$350K-$3M,"Agriculture, AI, B2B, B2C, Biotechnology, Consumer, ConsumerGoods, ConsumerServices, DeepTech, DigitalHealth, DigitalMedia, E-Commerce, Education, Energy, FinancialServices, Fintech, FoodandBeverage, Hardware, HealthCare, Insurance, LendingandInvestments, Logistics, Femtech, Climate, API, B2B2C, Sustainability, Retail",Asia,Ritu Verma,"Co-Founder, Managing Partner","https://in.linkedin.com/pub/ritu-verma/1/626/390, ",Shreyansh Singhal,Investment Associate,"https://twitter.com/ansh_shrey, ",No information,No information,No information,No information,No information,No information,No information,No information,No information,No information,No information,No information,No information,No information,No information,No information,No information,No information,No information,No information,No information,No information,No information,No information
Anthemis Group,http://www.anthemis.com,https://connect.visible.vc/investors/anthemis-group-2,"Pre-Seed,Seed,SeriesA,SeriesB,SeriesC,Growth,EarlyStage,StartupStudio(Lab)",$250K-,"Fintech, Insurance","Europe, United Kingdom, United States",Amy Nauiokas,"Co-Founder & Chief Executive Officer, Managing Partner","http://twitter.com/AmyNauiokas, https://www.linkedin.com/in/amynauiokas, ",Elise Brown,Director of Marketing,No information,Gavin Holland,No information,No information,Jillian Williams,Investment Principal,"https://twitter.com/jillwillnyc?lang=en, https://www.linkedin.com/in/jillianwilliams1/, ",Matthew Jones,Managing Director,"https://twitter.com/thisismattj?lang=en, https://www.linkedin.com/in/matthewcjones1/, ",Ruth Foxe Blader,Partner,No information,Sean Park,Managing Director,No information,Tom Ryan,No information,No information,Vica Manos,Partner,No information,Yann Ranchere,Partner,No information
Antler,http://www.antler.co,https://connect.visible.vc/investors/antler-2,"Pre-Seed,Seed",No information,Agnostic,Agnostic (Global),No information,No information,No information,No information,No information,No information,No information,No information,No information,No information,No information,No information,No information,No information,No information,No information,No information,No information,No information,No information,No information,No information,No information,No information,No information,No information,No information,No information,No information,No information
AppWorks,http://appworks.tw,https://connect.visible.vc/investors/appworks,"Pre-Seed,Seed,SeriesA,SeriesB,Accelerator",$100K-$15M,"E-Commerce, Internet, Applications, Consumer, Advertising, FoodandBeverage, AI, Crypto, Blockchain, IoT","Southeast (Asia), Asia-Pacific",Natalie Lin,Analyst,"https://www.linkedin.com/in/nataliefenglin/, ",No information,No information,No information,No information,No information,No information,No information,No information,No information,No information,No information,No information,No information,No information,No information,No information,No information,No information,No information,No information,No information,No information,No information,No information,No information,No information,No information
Arbor Ventures,http://arborventures.com,https://connect.visible.vc/investors/arbor-ventures,"Seed,SeriesA,SeriesB,SeriesC",$1M-$10M,"E-Commerce, Marketplaces, Fintech, PrivacyandSecurity, HealthCare, AI, Insurtech, Payments, BNPL",Agnostic (Global),Matt Dill,No information,"https://www.linkedin.com/in/mattdill/, ",Melissa Guzy,"Co-Founder, Managing Partner","https://www.linkedin.com/in/melissa-guzy-52b86747/, ",Peter Sanborn,No information,"https://www.linkedin.com/in/petersanborn1/, ",Samuel Tse,No information,"https://www.linkedin.com/in/samuel-tsesy/, ",Stephanie Baum-Zepeda,Principal,"https://www.linkedin.com/in/zepedastephanie/, ",Wei Hopeman,No information,"https://www.linkedin.com/in/whopeman/, ",No information,No information,No information,No information,No information,No information,No information,No information,No information,No information,No information,No information
Array Ventures,http://array.vc,https://connect.visible.vc/investors/array-ventures,"Seed,SeriesA,SeriesB",$100K-$500K,"AI, Internet, Software, SaaS, Analytics",United States,Shruti Gandhi,Founder & Managing Partner,"http://twitter.com/atShruti, http://www.linkedin.com/in/shrutigandhi, ",No information,No information,No information,No information,No information,No information,No information,No information,No information,No information,No information,No information,No information,No information,No information,No information,No information,No information,No information,No information,No information,No information,No information,No information,No information,No information,No information
ARTIS Ventures,http://av.co,https://connect.visible.vc/investors/artis-ventures,"Seed,SeriesA,SeriesB,Growth",No information,"Software, HealthCare, Biotechnology, IT, AI, DigitalHealth","United States, Bay Area (US)",Ameena El-Bibany,Partner,"https://twitter.com/ameenaelbibany, https://www.linkedin.com/in/aelbibany/, ",Austin Walne,Partner,"https://www.linkedin.com/in/walne/, ",Jeff Kindler,Operating Partner,"https://www.linkedin.com/pub/jeffrey-b-kindler/36/4b1/a30, ",Stuart Peterson,"Managing Partner, President and Founder","https://twitter.com/stuartpeterson2, https://www.linkedin.com/in/petersonstuart/, ",Vasudev Bailey,Senior Partner,"https://twitter.com/vasudevbailey, https://www.linkedin.com/in/baileyv/, ",Zoe Guttendorf,Associate,No information,No information,No information,No information,No information,No information,No information,No information,No information,No information,No information,No information,No information
Ascend,http://ascend.vc,https://connect.visible.vc/investors/ascend,Pre-Seed,$250K-$750K,"Marketplaces, E-Commerce, SaaS, Consumer, ConsumerBrands, B2BSoftware",Pacific Northwest (US),Kirby Winfield,Founding General Partner,"https://twitter.com/kirbywinfield, https://www.linkedin.com/in/winfield, ",No information,No information,No information,No information,No information,No information,No information,No information,No information,No information,No information,No information,No information,No information,No information,No information,No information,No information,No information,No information,No information,No information,No information,No information,No information,No information,No information
Ascend Venture Capital,https://www.ascendstl.com/,https://connect.visible.vc/investors/ascend-venture-capital-2,"Pre-Seed,Seed",$100K-$150K,"Blockchain, AI, Analytics, API, B2B, Climate, Crypto, Computing, DeepTech, Energy, Enterprise, DeveloperTools, FinancialServices, Fintech, Impact, Infrastructure, Logistics, Marketplaces, SaaS, MessagingandTelecommunications, Software, DEI, FutureWork, Technology, web3, Defi, Underrepresented",No information,No information,No information,No information,No information,No information,No information,No information,No information,No information,No information,No information,No information,No information,No information,No information,No information,No information,No information,No information,No information,No information,No information,No information,No information,No information,No information,No information,No information,No information,No information
Asset Management Ventures,http://assetman.com,https://connect.visible.vc/investors/asset-management-ventures,"Seed,SeriesA",No information,"LifeSciences, DigitalHealth",United States,Kevin Ho,Associate,"https://www.linkedin.com/in/kevinho45/, ",Louis Lange,Partner,No information,Rich Simoni,Managing Partner,"https://www.linkedin.com/in/richard-simoni-bb44b/, ",Skip Fleshman,Partner,"https://twitter.com/SkipFleshman, https://www.linkedin.com/in/skipfleshman/, ",No information,No information,No information,No information,No information,No information,No information,No information,No information,No information,No information,No information,No information,No information,No information,No information,No information,No information
Astia,http://astia.org,https://connect.visible.vc/investors/astia,"SeriesA,SeriesB",No information,"Fintech, SaaS, LifeSciences, IoT, Underrepresented","United States, Greater New York City (US)",Angela Holter,Managing Director,"https://www.linkedin.com/in/angelaholter/, ",Curt Moulton,No information,No information,Daryl McLean,No information,No information,Elizabeth Crowell,Angel,"https://twitter.com/egcrowell?lang=en, https://www.linkedin.com/in/elizabeth-crowell-5a2258/, ",Janis Landry-Lane,Angel,"https://twitter.com/janisll, https://www.linkedin.com/in/janis-landry-851888172/, ",Jeanne Sullivan,Global Board of Trustees,"https://twitter.com/gianna212, https://www.linkedin.com/in/jeannemsullivan/, ",John Capotosto,No information,No information,Joyo Wijaya,No information,No information,Maya Tussing,Angel,"https://twitter.com/artoftheask, https://www.linkedin.com/in/maya-lis-tussing-9b1122/, ",Sara Frankel,Angel,"https://twitter.com/swncrafts, https://www.linkedin.com/in/sarafrankel/, "
Atland Ventures ,http://atlandventures.com,https://connect.visible.vc/investors/atland-ventures,"Accelerator,Pre-Seed,Seed",$20K-$30K,"Advertising, Consumer, Sustainability, DigitalHealth, E-Commerce, Education, Fintech, Gaming, Marketplaces",United States,Patrick Zhao,Managing Partner,"https://www.linkedin.com/in/patrickzhao2/, ",No information,No information,No information,No information,No information,No information,No information,No information,No information,No information,No information,No information,No information,No information,No information,No information,No information,No information,No information,No information,No information,No information,No information,No information,No information,No information,No information
Atlantic Labs,https://atlanticlabs.de/,https://connect.visible.vc/investors/atlantic-labs-2,"Pre-Seed,Seed",$500K-$1.20M,"B2B, B2B2C, B2C, Generalist, DigitalHealth, Fintech, Logistics, Crypto",Europe,No information,No information,No information,No information,No information,No information,No information,No information,No information,No information,No information,No information,No information,No information,No information,No information,No information,No information,No information,No information,No information,No information,No information,No information,No information,No information,No information,No information,No information,No information
AtlanVest,https://www.atlanvest.com,https://connect.visible.vc/investors/atlanvest,"SeriesB,SeriesC,Growth",$1M-$15M,"Automation, B2B, B2B2C, Blockchain, API, AI, DeepTech, DeveloperTools, DigitalHealth, E-Commerce, Fintech, IoT, Logistics, SaaS, Quantum, VR/AR, Computing, Software, Semiconductor, web3, SupplyChain, ComputerVision","Europe, United States, United Kingdom",No information,No information,No information,No information,No information,No information,No information,No information,No information,No information,No information,No information,No information,No information,No information,No information,No information,No information,No information,No information,No information,No information,No information,No information,No information,No information,No information,No information,No information,No information
Augmentum Fintech,http://augmentum.vc,https://connect.visible.vc/investors/augmentum-fintech,"SeriesA,SeriesB,SeriesC",$3M-$15M,"B2B, B2C, SaaS, Marketplaces, Mobile, SMB, Consumer, Enterprise, Fintech",Europe,David Haysey,Director,"https://www.linkedin.com/in/david-haysey-bb34701b/, ",Georgie Hazell,Head of Engagement,"https://twitter.com/ghhazell?lang=en, https://www.linkedin.com/in/georgiehazell/, ",Karen Brade,Director,"https://www.linkedin.com/in/karen-brade-6192627/, ",Martyn Holman,Venture Partner,"http://twitter.com/holmanma, https://www.linkedin.com/in/martynholman, ",Neil England,Chairman,"https://www.linkedin.com/in/neil-england-703b959/, ",Perry Blacher,Venture Partner,"http://twitter.com/perryblacher, http://www.linkedin.com/in/perryblacher, ",Richard Matthews,"COO, Partner","https://twitter.com/rmatthews_, https://www.linkedin.com/in/richard-matthews-18685114/, ",Tim Levene,"Partner, CEO","http://twitter.com/timlevene, http://www.linkedin.com/in/timlevene, ",No information,No information,No information,No information,No information,No information
AV8 Ventures,http://av8.vc,https://connect.visible.vc/investors/av8-ventures,"Pre-Seed,Seed,SeriesA",$500K-$8M,"AI, Automation, B2B, DeepTech, DigitalHealth, DeveloperTools, Infrastructure, Insurance, Fintech, Enterprise, Manufacturing, PrivacyandSecurity, Robotics, SaaS, SupplyChainManagement, Transportation, SMB","United States, North America",Baris Aksoy,General Partner,"https://www.linkedin.com/in/barisaksoy/, ",Brett Battles,Venture Partner,"https://www.linkedin.com/in/bbattles/, ",Dr. Gloria Lau,Venture Partner,"https://www.linkedin.com/in/gloriatlau/, ",Dr. Marco Pavone,Venture Partner,"https://www.linkedin.com/in/marco-pavone-4a31b83/, ",George Ugras,Managing Partner,"https://www.linkedin.com/in/ugras/, ",Ruchita Sinha,Venture Partner,"https://www.linkedin.com/in/ruchita-sinha/, ",Serpil Kuyucak-Schiebel,Operating Partner,"https://www.linkedin.com/in/skuyucak/, ",Shawn Kung,Venture Partner,"https://www.linkedin.com/in/shawnkung/, ",No information,No information,No information,No information,No information,No information
Avellinia Capital,http://avellinia.com,https://connect.visible.vc/investors/avellinia-capital,"Pre-Seed,Seed,SeriesA,SeriesB",$1M-$25M,"FinancialServices, LendingandInvestments, B2B, B2C, Consumer, ConsumerElectronics, Fintech",Agnostic (Global),Christoph Pfundstein,Founding Partner,"https://www.linkedin.com/in/christoph-pfundstein-1048201/, ",Julian Schickel,Founding Partner,"http://www.linkedin.com/in/jschickel, ",Matthias Dux,Founding Partner,"https://www.linkedin.com/in/matthias-dux/, ",No information,No information,No information,No information,No information,No information,No information,No information,No information,No information,No information,No information,No information,No information,No information,No information,No information,No information,No information,No information,No information
aws Gründerfonds,http://gruenderfonds.at,https://connect.visible.vc/investors/aws-gruenderfonds,"Seed,SeriesA,SeriesB",$100K-$3M,"Software, AI, IT, HealthCare, SaaS, TravelandTourism",Austria,Anna Paeck,Executive Assistant,No information,Anna Schauppenlehner,Risk Management,No information,Christoph Haimberger,Executive Director,No information,Christopher Raithle,Associate,No information,Lukas Punzet,Analyst,No information,Manuela Halada,Executive Assistant,No information,Markus Jandrinitsch,Investment Manager,No information,Nina Dohrau,Managing Director,No information,Stefan Puchinger,Analyst,"https://www.linkedin.com/in/stefanpuchinger/?originalSubdomain=at, ",Stefan Puchinger,Associate,No information
BACKED,http://www.backed.vc,https://connect.visible.vc/investors/backed-2,"Seed,SeriesA,Pre-Seed",$250K-$2.50M,"Blockchain, Biotechnology, Food&Beverage, FoodandBeverage","Europe, United Kingdom",Alex Brunicki,"Co-Founder, Partner","https://www.linkedin.com/in/alexbrunicki/, ",Andre de Haes,"Co-Founder, Managing Partner","https://twitter.com/andredehaes, https://www.linkedin.com/in/andredehaes/, ",Pascal Suhrcke,Investor,"https://www.linkedin.com/in/pascal-suhrcke-899794a2/, ",Rachel Grahame,Firm Operations,"https://twitter.com/rachel_grrr, https://www.linkedin.com/in/rachel-grahame-2a109131/, ",No information,No information,No information,No information,No information,No information,No information,No information,No information,No information,No information,No information,No information,No information,No information,No information,No information,No information
Baleen Capital,http://baleencap.com,https://connect.visible.vc/investors/baleen-capital,"Pre-Seed,Seed,SeriesA,SeriesB,Alt.VC,Angel",$100K-$5M,"Agnostic, Advertising, AI, Analytics, Applications, Automation, B2C, Consumer, ConsumerElectronics, Education, ConsumerGoods, Fintech, FoodandBeverage, TravelandTourism, Underrepresented, Software, SMB, SalesandMarketing, SaaS, Sports, Retail, Remote, Internet, Marketplaces",Agnostic (Global),Fang Li,CFO,"https://www.linkedin.com/in/fangli/, ",No information,No information,No information,No information,No information,No information,No information,No information,No information,No information,No information,No information,No information,No information,No information,No information,No information,No information,No information,No information,No information,No information,No information,No information,No information,No information,No information
Barrel Ventures,http://barrelvc.com,https://connect.visible.vc/investors/barrel-ventures,"Pre-Seed,Seed,SeriesA",$50K-$500K,"Consumer, ConsumerGoods, FoodandBeverage, SupplyChainManagement, E-Commerce, B2C, Logistics","Great Lakes Midwest (US), Great Plains Midwest (US)",Carey Cooper,Partner,No information,Nate Cooper,Partner,"https://www.linkedin.com/in/nathan-cooper-2ba9aa19/, ",No information,No information,No information,No information,No information,No information,No information,No information,No information,No information,No information,No information,No information,No information,No information,No information,No information,No information,No information,No information,No information,No information,No information,No information
Basis Set Ventures,http://basisset.ventures,https://connect.visible.vc/investors/basis-set-ventures,"Seed,SeriesA",$1M-$3M,"Enterprise, Marketplaces",No information,Andrew Kim,Operations Manager,"https://www.linkedin.com/in/andrew-k-117399128/, ",Chang Xu,Partner,"https://twitter.com/_changxu, https://www.linkedin.com/in/changx/, ",John Mannes,Investor,"https://twitter.com/JohnMannes, https://www.linkedin.com/in/johnmannes/, ",Rachel Wong,Data Scientist,"https://twitter.com/Rachel_S_Wong, https://www.linkedin.com/in/rachel-wong-cmu/, ",Xuezhao Lan,Founding and Managing Partner,"https://twitter.com/xuezhao, https://www.linkedin.com/in/xuezhao-lan-50aa1a1/, ",No information,No information,No information,No information,No information,No information,No information,No information,No information,No information,No information,No information,No information,No information,No information
BBG Ventures,http://bbgventures.com,https://connect.visible.vc/investors/bbg-ventures,"Seed,Pre-Seed",No information,"FinancialServices, Consumer, E-Commerce, Underrepresented, ConsumerElectronics",United States,Nisha Dua,"Co-Founder, General Partner","https://twitter.com/nish67?lang=en, https://www.linkedin.com/in/nisha-dua-5aa87914, ",Susan Lyne,Managing Partner,"http://twitter.com/smlyne, http://www.linkedin.com/pub/susan-lyne/13/b76/267, ",No information,No information,No information,No information,No information,No information,No information,No information,No information,No information,No information,No information,No information,No information,No information,No information,No information,No information,No information,No information,No information,No information,No information,No information
Beacon Angels ,http://beaconangels.com,https://connect.visible.vc/investors/beacon-angels,"Seed,Angel",$50K-$400K,"Software, IT, HealthCare, Biotechnology",Northeast (US),No information,No information,No information,No information,No information,No information,No information,No information,No information,No information,No information,No information,No information,No information,No information,No information,No information,No information,No information,No information,No information,No information,No information,No information,No information,No information,No information,No information,No information,No information
BECO Capital,http://becocapital.com,https://connect.visible.vc/investors/beco-capital,"Seed,SeriesA,SeriesB",-$5M,"E-Commerce, Software, Internet, Marketplaces, AI, Agnostic","Agnostic (Global), Africa",Judy Rifai,Head of People,"https://www.linkedin.com/in/judy-rifai-23a31214a/, ",Yousef Hammad,Managing Partner,"https://twitter.com/yo_hammad?lang=en, https://www.linkedin.com/in/yousef-hammad-906b6626/, ",No information,No information,No information,No information,No information,No information,No information,No information,No information,No information,No information,No information,No information,No information,No information,No information,No information,No information,No information,No information,No information,No information,No information,No information
Behind Genius Ventures (BGV),http://www.behindgeniusventures.com,https://connect.visible.vc/investors/behind-genius-ventures-bgv,"Pre-Seed,Seed",$250K-$400K,"FutureofWork, FutureofPlay, Fintech, NoCode, DevTools, API-FirstProducts, HealthandWellness, Entertainment&Media, Gaming, E-Commerce, ThePassionEconomy","United States, Canada",Joshua Schlisserman,Founding Partner,"https://www.linkedin.com/in/joshua-schlisserman/, ",Paige Finn Doherty,Managing Partner,"https://www.linkedin.com/in/paigedoherty/, ",No information,No information,No information,No information,No information,No information,No information,No information,No information,No information,No information,No information,No information,No information,No information,No information,No information,No information,No information,No information,No information,No information,No information,No information
Berkeley SkyDeck,http://skydeck.berkeley.edu/gfp,https://connect.visible.vc/investors/berkeley-skydeck,"Accelerator,Seed",No information,"Software, HealthCare, AI, Biotechnology, IT",Agnostic (Global),Brian Bordley,Principal,"https://www.linkedin.com/in/brian-bordley-26282136/, ",Caroline Winnett,Executive Director,"https://twitter.com/carolinewinnett, https://www.linkedin.com/in/caroline-winnett-5574933/, ",No information,No information,No information,No information,No information,No information,No information,No information,No information,No information,No information,No information,No information,No information,No information,No information,No information,No information,No information,No information,No information,No information,No information,No information
Bessemer Venture Partners,http://bvp.com,https://connect.visible.vc/investors/bessemer-venture-partners,"Pre-Seed,Seed,SeriesA,SeriesB,Growth",$100K-$50M,"Enterprise, MediaandEntertainment, ConsumerElectronics, E-Commerce, Gaming, Marketplaces, Fintech, LifestyleandWellness, Applications, HealthCare, Consumer, Infrastructure, SaaS, SalesandMarketing","United States, Bay Area (US)",Amit Karp,Partner,"http://twitter.com/amitkarp, https://www.linkedin.com/in/amitkarp/, ",Brian Feinstein,Partner,"https://twitter.com/brianfeinstein, https://www.linkedin.com/in/brianfeinstein, ",David Cowan,Partner,"http://twitter.com/davidcowan, http://www.linkedin.com/in/davidjcowan, ",Elliott Robinson,Partner,No information,Emily Lu,Venture Capitalist,"https://twitter.com/emilu414, https://www.linkedin.com/in/emilyhongweilu, ",Josh Harder,Vice President,"https://www.linkedin.com/in/joshharder, ",Nadia Buonocore,Director of Fund Accounting and Operations,"https://www.linkedin.com/in/nadia-buonocore-42882670/, ",Raghav Bahl,"Vice President, BVP India","https://twitter.com/raghavbahl1306?lang=en, https://www.linkedin.com/in/raghav-bahl-3261355, ",Rob Stavis,Partner,"https://twitter.com/robstavis, https://www.linkedin.com/in/robertstavis/, ",Talia Goldberg,Partner,"http://twitter.com/TaliaGold, https://www.linkedin.com/in/talia-goldberg-a3819431/, "
Beta Boom,http://betaboom.com,https://connect.visible.vc/investors/beta-boom,Pre-Seed,$150K-$250K,"AI, Applications, B2B, B2C, DigitalHealth, Education, Fintech, SaaS",Agnostic (Global),Kimmy Paluch,Managing Partner,"https://twitter.com/kimmypaluch, https://www.linkedin.com/in/kimmy/, ",Sergio Paluch,Partner,No information,No information,No information,No information,No information,No information,No information,No information,No information,No information,No information,No information,No information,No information,No information,No information,No information,No information,No information,No information,No information,No information,No information,No information,No information
Better Food Ventures,http://betterfoodventures.com,https://connect.visible.vc/investors/better-food-ventures,Seed,$250K-$10M,"Agriculture, Consumer, FoodandBeverage, Logistics, SupplyChainManagement, Sustainability, LifestyleandWellness",Agnostic (Global),Michael Rose,Partner,"https://www.linkedin.com/in/jmichaelrose/, ",Rob Trice,Founding Partner,"https://www.linkedin.com/in/robtrice/, ",No information,No information,No information,No information,No information,No information,No information,No information,No information,No information,No information,No information,No information,No information,No information,No information,No information,No information,No information,No information,No information,No information,No information,No information
BITKRAFT Ventures,http://bitkraft.vc,https://connect.visible.vc/investors/bitkraft-esports-ventures,"Seed,SeriesA,SeriesB",$500K-$10M,"MediaandEntertainment, Gaming, Sports","Agnostic (Global), Europe, North America",Jasper Brand,Associate,"https://twitter.com/jasperdyln, https://www.linkedin.com/in/jasper-dylan-brand/, ",Jens Hilgers,"Founding, General Partner","https://www.linkedin.com/in/jenshilgers/, ",Leonard Langenscheidt,Principal,"https://www.linkedin.com/in/leonard-langenscheidt-58024055/?originalSubdomain=de, ",Malte Barth,"Founding, General Partner","https://www.linkedin.com/in/maltebarth/, ",Moritz Baier-Lentz,Partner,"https://www.linkedin.com/in/moritzbaierlentz/, ",Scott Rupp,Founding General Partner,"https://www.linkedin.com/in/scott-rupp-5a73253/, ",No information,No information,No information,No information,No information,No information,No information,No information,No information,No information,No information,No information
Blackhorn Ventures,http://blackhornvc.com,https://connect.visible.vc/investors/blackhorn-ventures,"Seed,SeriesA",No information,"Software, IT, Enterprise, AI, Impact",Agnostic (Global),Melissa Cheong,Managing Partner,"https://www.linkedin.com/in/melissa-cheong-813a5bb/, ",Trevor Zimmerman,Managing Partner,"https://www.linkedin.com/in/trevorzimmerman/, ",No information,No information,No information,No information,No information,No information,No information,No information,No information,No information,No information,No information,No information,No information,No information,No information,No information,No information,No information,No information,No information,No information,No information,No information
Black Jays,http://blackjays.vc,https://connect.visible.vc/investors/black-jays,"Seed,SeriesA",No information,"Consumer, E-Commerce, MediaandEntertainment, HealthCare, Retail, FoodandBeverage, ConsumerGoods","United States, Canada",Amit Sharma,General Partner,No information,Ben Moll,Analyst,"https://www.linkedin.com/in/mollbenjamin/, ",Brian Muller,Principal,No information,Tim Thimmaiah,Principal,No information,No information,No information,No information,No information,No information,No information,No information,No information,No information,No information,No information,No information,No information,No information,No information,No information,No information,No information
Bleu Capital,https://www.bleucap.com/,https://connect.visible.vc/investors/bleu-capital-2,"Seed,SeriesA",$250K-$500K,Agnostic,"Europe, United States",No information,No information,No information,No information,No information,No information,No information,No information,No information,No information,No information,No information,No information,No information,No information,No information,No information,No information,No information,No information,No information,No information,No information,No information,No information,No information,No information,No information,No information,No information
Bloc Ventures,https://blocventures.com/pitching/,https://connect.visible.vc/investors/bloc-ventures,"Seed,SeriesA,SeriesB",$250K-$5M,"AI, B2B, Computing, DeepTech, DeveloperTools, Hardware, CloudInfrastructure, CyberSecurity, Security",Europe,Bruce Beckloff,Managing Partner,"https://www.linkedin.com/in/brucebeckloff/, ",No information,No information,No information,No information,No information,No information,No information,No information,No information,No information,No information,No information,No information,No information,No information,No information,No information,No information,No information,No information,No information,No information,No information,No information,No information,No information,No information
Bloomberg Beta,https://github.com/Bloomberg-Beta/Manual,https://connect.visible.vc/investors/bloomberg-beta-2,"Pre-Seed,Seed,EarlyStage",$25K-$1.25M,"Underrepresented, AI, Analytics, Automation, DeveloperTools, Education, MediaandEntertainment, DigitalHealth, Internet, Computing, DeepTech, Platforms, Transportation, MessagingandTelecommunications, Logistics, PrivacyandSecurity, Software, VR/AR",United States,James Cham,Partner,"http://twitter.com/jamescham, http://www.linkedin.com/in/jcham, ",Karin Klein,Founding Partner,"https://twitter.com/karinklein, http://www.linkedin.com/in/karinklein, ",Roy Bahat,Head,"http://twitter.com/roybahat, https://www.linkedin.com/in/roybahat, ",No information,No information,No information,No information,No information,No information,No information,No information,No information,No information,No information,No information,No information,No information,No information,No information,No information,No information,No information,No information,No information
Blossom Capital,http://blossomcap.com,https://connect.visible.vc/investors/blossom-capital,SeriesA,No information,"SaaS, Enterprise, PrivacyandSecurity, Software","United States, Europe, Asia",Imran Ghory,Partner,"https://twitter.com/imranghory, https://www.linkedin.com/in/ighory/, ",Louise Samet,Partner,"https://twitter.com/louisesamet, https://www.linkedin.com/in/louisesamet/, ",Ophelia Brown,Founder,"https://twitter.com/ophelia_brown?lang=en, https://www.linkedin.com/in/opheliabrown/, ",No information,No information,No information,No information,No information,No information,No information,No information,No information,No information,No information,No information,No information,No information,No information,No information,No information,No information,No information,No information,No information
Blossom Street Ventures,http://blossomstreetventures.com,https://connect.visible.vc/investors/blossom-street-ventures,"Seed,SeriesA,SeriesB,SeriesC,Growth",$500K-$2M,"Software, E-Commerce, HealthCare",United States,Kevin Vela,Co-Founder,"https://www.linkedin.com/in/kevinvela/, ",Sammy Abdullah,"Co-Founder, Chair, Principal","https://www.linkedin.com/in/sammy-abdullah-1292494, ",No information,No information,No information,No information,No information,No information,No information,No information,No information,No information,No information,No information,No information,No information,No information,No information,No information,No information,No information,No information,No information,No information,No information,No information
Blueberry Ventures,http://blueberryventures.vc,https://connect.visible.vc/investors/blueberry-ventures,No information,No information,"Food&Beverage, FoodandBeverage, Nutrition","United States, Canada",Arif Fazal,No information,No information,No information,No information,No information,No information,No information,No information,No information,No information,No information,No information,No information,No information,No information,No information,No information,No information,No information,No information,No information,No information,No information,No information,No information,No information,No information,No information,No information
Blue Collective,http://bluecollective.com,https://connect.visible.vc/investors/blue-collective,"Pre-Seed,Seed",$250K-$2M,"Agnostic, FinancialServices, Software, E-Commerce, Internet, SaaS, MediaandEntertainment, Fintech",United States,JJ Kasper,"Founder, Partner","https://twitter.com/JJ_Kasper, https://www.linkedin.com/in/jjkasper/, ",Nicole Friedman,Associate,"https://www.linkedin.com/in/nicole--friedman/, ",No information,No information,No information,No information,No information,No information,No information,No information,No information,No information,No information,No information,No information,No information,No information,No information,No information,No information,No information,No information,No information,No information,No information,No information
Blue Horizon,http://bluehorizon.com,https://connect.visible.vc/investors/blue-horizon,"Seed,SeriesA,SeriesB",$363K-$30M,"FoodandBeverage, Biotechnology, HealthCare, E-Commerce, Impact",Agnostic (Global),Anela Musat,General Counsel,"https://www.linkedin.com/in/anela-musat-7b9a8120/, ",Björn Witte,Managing Partner and CEO,"https://www.linkedin.com/in/bjoern-witte-b81b4861/, ",Lea Bajc,Partner,"https://www.linkedin.com/in/leabajc/, ",Michael Kleindl,"Founder, Managing Partner","https://twitter.com/michael_kleindl, https://www.linkedin.com/in/michaelkleindl/, ",Michel Hirschi,Managing Partner / CFO,"https://www.linkedin.com/in/michel-hirschi/, ",Przemek Obloj,Managing Partner & Chief Investment Officer,"https://www.linkedin.com/in/przemek-obloj/, ",Sedef Köktentürk,"Managing Partner & COO, Head of Impact","https://www.linkedin.com/in/sedefkoktenturk/, ",Thomas Kindler,Partner,"https://www.linkedin.com/in/thomas-kindler-b285572/, ",No information,No information,No information,No information,No information,No information
BlueRun Ventures,http://brv.com,https://connect.visible.vc/investors/bluerun-ventures,"Seed,SeriesA,Pre-Seed",No information,"AI, Analytics, DigitalHealth, Fintech, SaaS",Agnostic (Global),John Malloy,General Partner & Founder,"https://www.linkedin.com/in/malloyjohn/, ",Jonathan Ebinger,General Partner,"https://twitter.com/jebinger?lang=en, https://www.linkedin.com/in/jonathanebinger/, ",No information,No information,No information,No information,No information,No information,No information,No information,No information,No information,No information,No information,No information,No information,No information,No information,No information,No information,No information,No information,No information,No information,No information,No information
BlueSky Equities,https://www.blueskyequities.com/,https://connect.visible.vc/investors/bluesky-equities-ltd,"Seed,SeriesA,Angel",$50K-$1M,"B2B, SaaS","United States, Canada",No information,No information,No information,No information,No information,No information,No information,No information,No information,No information,No information,No information,No information,No information,No information,No information,No information,No information,No information,No information,No information,No information,No information,No information,No information,No information,No information,No information,No information,No information
Bluestein Ventures,https://www.bluesteinventures.com,https://connect.visible.vc/investors/bluestein-ventures,"Pre-Seed,Seed,SeriesA",$250K-$1.50M,"FoodandBeverage, FoodDelivery, FoodTech, Supplychain&logistics",United States,Cooper Clawson,Analyst,"https://twitter.com/cooper_clawson, https://www.linkedin.com/in/cooper-clawson-a9b894a0/, ",No information,No information,No information,No information,No information,No information,No information,No information,No information,No information,No information,No information,No information,No information,No information,No information,No information,No information,No information,No information,No information,No information,No information,No information,No information,No information,No information
Blue Yard Capital,https://www.blueyard.com/,https://connect.visible.vc/investors/blueyard-capital,"Pre-Seed,Seed,SeriesA",No information,"web3, Blockchain, Technology, Crypto",No information,Chad Fowler,Partner & CTO,"https://www.linkedin.com/in/fowlerchad/, ",Jason D. Whitmire,General Partner,"https://www.linkedin.com/in/jasonwhitmire/, ",Jonah Anders Kaplan,Head of Platform,"https://www.linkedin.com/in/jonah-anders-kaplan-60882b78/, ",No information,No information,No information,No information,No information,No information,No information,No information,No information,No information,No information,No information,No information,No information,No information,No information,No information,No information,No information,No information,No information
Blume Ventures,https://blume.vc,https://connect.visible.vc/investors/blume-ventures-2,Seed,$250K-$3M,Agnostic,India,Anirvan Chowdhury,No information,No information,Anirvan Chowdhury,No information,No information,Arpit Agarwal,Principal,"http://twitter.com/arpiit, http://www.linkedin.com/in/arpit105, ",Ashish Fafadia,No information,No information,Karthik Reddy,Managing Partner,"https://twitter.com/bkartred?lang=en, https://www.linkedin.com/in/karthikreddyb/?originalSubdomain=in, ",Kunal Bajaj,No information,No information,Sanjay Nath,"Co-Founder, Managing Partner","http://twitter.com/sanjaynath, https://www.linkedin.com/in/sanjaynath/, ",No information,No information,No information,No information,No information,No information,No information,No information,No information
BMW i Ventures,http://bmwiventures.com,https://connect.visible.vc/investors/bmw-iventures,"Seed,SeriesA,SeriesB,Growth",No information,"Automation, Software, Transportation, Internet, AI, Mobile","United States, Canada, Europe",Aneta Auberger,Executive Assistant,"https://www.linkedin.com/in/aneta-auberger-713630189/, ",Baris Guzel,Principal,"https://twitter.com/barisgsf, https://www.linkedin.com/in/baris/, ",Samantha Huang,Principal,"https://www.linkedin.com/in/samantha-huang-10375b106/, ",Tobias Jahn,Principal,"https://www.linkedin.com/in/tjahnx/, ",Ulrich Quay,Managing Partner,"http://www.linkedin.com/pub/dr-ulrich-quay/42/84a/a96, ",No information,No information,No information,No information,No information,No information,No information,No information,No information,No information,No information,No information,No information,No information,No information
Boathouse Capital,http://www.boathousecapital.com,https://connect.visible.vc/investors/colin-raws,"SeriesB,Growth,SeriesC",$5M-$50M,"AI, Analytics, API, B2B, Automation, B2B2C, DigitalHealth, DigitalMedia, DeveloperTools, E-Commerce, Education, Fintech, HealthCare, Infrastructure, Software, IT, LegalTech, Marketplaces, Mobile, SaaS, Gaming",United States,Kenneth E. Jones,Managing Partner,"https://www.linkedin.com/in/ken-jones-0a97258/, ",No information,No information,No information,No information,No information,No information,No information,No information,No information,No information,No information,No information,No information,No information,No information,No information,No information,No information,No information,No information,No information,No information,No information,No information,No information,No information,No information
Boldstart Ventures,http://boldstart.vc,https://connect.visible.vc/investors/boldstart-ventures,"Pre-Seed,Seed",$250K-$2.50M,"Automation, B2B, DeveloperTools, Enterprise, SaaS, PrivacyandSecurity, Robotics, Software",Agnostic (Global),Charlotte Chapanoff,General Manager,"https://www.linkedin.com/in/charlotte-c-3a853356/, ",Dmitri Sirota,Advisor,"https://twitter.com/dimitrisirota, https://www.linkedin.com/in/dimitrisirota/, ",Ed Sim,Founder,"https://twitter.com/edsim, https://www.linkedin.com/in/edsim/, ",Eliot Durbin,General Partner,"https://twitter.com/etdurbin, https://www.linkedin.com/in/eliotdurbin/, ",Jeff Citron,Managing Partner,"https://twitter.com/jeffrey_citron?lang=en, https://www.linkedin.com/in/jeffrey-citron-128a1b2, ",Jeff Leventhal,Partner,"https://www.linkedin.com/in/jeffreyleventhal/, ",Max Heald,Investor,"https://twitter.com/max_heald, https://www.linkedin.com/in/mheald/, ",No information,No information,No information,No information,No information,No information,No information,No information,No information
BOM Brabant Ventures,http://bom.nl/brabant-ventures,https://connect.visible.vc/investors/bom-brabant-ventures,"Seed,SeriesA",No information,"IT, LifeSciences, Energy","United States, Europe",Paul Vernooij,Analyst,"https://www.linkedin.com/in/paulvernooij/?originalSubdomain=nl, ",No information,No information,No information,No information,No information,No information,No information,No information,No information,No information,No information,No information,No information,No information,No information,No information,No information,No information,No information,No information,No information,No information,No information,No information,No information,No information,No information
Boost VC,http://boost.vc,https://connect.visible.vc/investors/boostvc,"Accelerator,Pre-Seed,Seed",-$500K,"Blockchain, MediaandEntertainment, Software, VR/AR, Internet, DeepTech","United States, Europe",Adam Draper,Founder and Managing Director,"https://www.linkedin.com/in/adraper/, ",Brayton Williams,Co-Founder,"https://www.linkedin.com/in/braytonwilliams/, ",Jessica Robertson,Executive Assistant,"https://www.linkedin.com/in/jesssrobertson/, ",Maddie Callander,"VP, Accelerator & Portfolio","https://www.linkedin.com/in/maddiecallander/, ",No information,No information,No information,No information,No information,No information,No information,No information,No information,No information,No information,No information,No information,No information,No information,No information,No information,No information
Boston Seed Capital,https://bostonseed.com/,https://connect.visible.vc/investors/boston-seed-capital-2,"Pre-Seed,Seed",$250K-$2.50M,"AI, Blockchain, Consumer, Enterprise, IoT, Deeptech, Software, SaaS, RealEstate, PrivacyandSecurity",Northeast (US),Eileen Rocchio,VP Finance/Controller,"https://www.linkedin.com/in/eileen-rocchio-cpa-7a1a546/, ",Nicole Stata,"Founder, Managing Director","http://twitter.com/nstata, ",No information,No information,No information,No information,No information,No information,No information,No information,No information,No information,No information,No information,No information,No information,No information,No information,No information,No information,No information,No information,No information,No information,No information,No information
Bowery Capital,http://bowerycap.com,https://connect.visible.vc/investors/bowery-capital,"Pre-Seed,Seed",$500K-$3M,"B2B, SaaS, Software, Marketplaces, Enterprise, HealthCare, Agriculture, IT",United States,Adam D. Smith,Venture Partner,"https://twitter.com/adamsventures, https://www.linkedin.com/in/adamdouglassmith/, ",David Soloff,Venture Partner,"http://twitter.com/davidsoloff, http://www.linkedin.com/in/davidsoloff, ",Evan McElwain,Director of Growth,"https://twitter.com/evanmcelwain, https://www.linkedin.com/in/evanmcelwain/, ",Jessica Bernido,Director of Talent,"https://www.linkedin.com/in/jessicabernido, ",Loren Straub,Partner,"https://twitter.com/lorenstraub?lang=en, https://www.linkedin.com/in/lorenvittetoe/, ",Michael Brown,Founder & Managing Partner,"http://twitter.com/MikeBrownJr, https://www.linkedin.com/in/browmich/, ",Neil Capel,Venture Partner,"http://twitter.com/neiljcapel, http://www.linkedin.com/in/neilcapel, ",Zachary Sims,Co-Founder & CEO,"http://twitter.com/zsims, http://www.linkedin.com/in/zacharysims, ",No information,No information,No information,No information,No information,No information
Bread and Butter Ventures,http://breadandbutterventures.com,https://connect.visible.vc/investors/bread-and-butter-ventures,"Seed,SeriesA",$100K-$400K,"Agriculture, DigitalHealth, FoodandBeverage, Enterprise, Marketplaces","Agnostic (Global), Great Lakes Midwest (US)",Brett Brohl,Founder Managing Director,"https://twitter.com/BrettBrohl?ref_src=twsrc%5Egoogle%7Ctwcamp%5Eserp%7Ctwgr%5Eauthor, https://www.linkedin.com/in/brett-brohl-7478851/, ",Janahan Rajaratnam,Associate,"https://twitter.com/jrajaratnam?lang=en, https://www.linkedin.com/in/jrajaratnam/, ",Stephanie Rich,Head of Platform,"https://twitter.com/steph_rich, https://www.linkedin.com/in/stephanieprich/, ",No information,No information,No information,No information,No information,No information,No information,No information,No information,No information,No information,No information,No information,No information,No information,No information,No information,No information,No information,No information,No information
Breakout Ventures,http://breakout.vc,https://connect.visible.vc/investors/breakout-ventures,"Seed,SeriesA,SeriesB",$2M-$3M,"Energy, LifeSciences",United States,Hemai Parthasarathy,Partner,"https://twitter.com/hemaisphere, https://www.linkedin.com/in/hemai/, ",Julia Moore,Partner,"https://twitter.com/julct?lang=en, https://www.linkedin.com/in/juliatmoore/, ",Lindy Fishburne,Managing Partner,"https://twitter.com/lindyfishburne, https://www.linkedin.com/in/lindy-morris-fishburne-076157, ",No information,No information,No information,No information,No information,No information,No information,No information,No information,No information,No information,No information,No information,No information,No information,No information,No information,No information,No information,No information,No information
